"","sampleID","uniqueID","siteID","site","type","mesq_type","litterdepth","SWC","TOC","pH","BG","CB","NAG","PHOS","XYL","AG","LAP","DOC","MBC","DON","MBN","OM.","NH4i","NH4f","NO3i","NO3f","nminer","DNAconc.ng.µL","dna"
"1","A1bare",90,"A1","A","bare","bare",0,0.037703744,0.167,5.79,17.61209341,1e-08,14.86518151,118.4722351,1e-08,0.451973178,3.092748017,22.555,70.31111111,0.5755,7.938888889,0.645136367,2.076111416,2.334554447,3.222890408,2.922451472,-0.0419959049999994,4.111,4.111
"2","A1grass",91,"A1","A","grass","grass",1.65,0.073376275,0.231,6.41,98.61247648,24.43250146,55.09878143,152.8661242,20.63636725,14.51662063,72.22842022,69.7,252.5444444,15.1205,35.08703704,0.868519006,4.31930066,2.87606565,9.116936367,9.284364513,-1.275806864,19.951,19.951
"3","A1mesq1-1BOLE",92,"A1","A","mesq","bole",1.5,0.085456458,0.476,6.12,73.59618012,7.42992128,9.86788218,126.4999317,6.674153401,3.675461493,16.71798946,188.8,348.3222222,81.6205,31.06851852,1.809266791,13.66775284,11.9476444,46.56757108,48.408211,0.120531480000004,27.852,27.852
"4","A1mesq1-1DRIP",94,"A1","A","mesq","drip",1.7,0.062946505,0.307,6.24,58.36901802,9.371877611,12.46484567,139.6862616,8.227730888,4.996459375,59.49089409,87.95,314.4333333,23.7655,41.07777778,1.1607683,2.409556326,3.583480414,17.89652157,19.73845766,3.015860178,13.954,13.954
"5","A1mesq1-1MIDD",93,"A1","A","mesq","midd",1.5,0.068149288,0.603,6.02,72.05660152,7.716228119,15.80921585,137.4282144,9.666615744,9.913216479,26.22062505,255.4,623.5444444,71.0705,63.93888889,2.305310242,8.275514301,7.98439353,40.65082839,37.35402549,-3.58792367100001,36.113,36.113
"6","A2bare",71,"A2","A","bare","bare",0,0.023687416,0.159,6.49,63.17573887,12.20900945,18.53950921,98.94926887,11.86145261,8.286582154,52.28323581,40.405,92.42222222,5.972,1.30462963,0.591561872,1.82354144,1.78279976,1.666133953,1.227206192,-0.479669441,12.323,12.323
"7","A2grass",72,"A2","A","grass","grass",0.2,0.058442863,0.259,6.23,90.23116635,15.26600334,13.07315512,162.8233447,15.20551097,8.521104669,73.33954844,75.655,306.2,14.937,31.24907407,0.950528479,3.292106452,2.433995223,12.88392924,11.26435095,-2.477689519,16.592,16.592
"8","A2mesq1-1BOLE",73,"A2","A","mesq","bole",0.4,0.029637636,0.337,5.29,69.11940004,13.28608303,28.10856908,171.0020215,6.138481058,7.134458381,3.501326886,121,165.9888889,51.3705,15.79074074,1.271554164,13.26922337,13.32133974,29.37292939,27.5485525,-1.77226052,7.455,7.455
"9","A2mesq1-1DRIP",75,"A2","A","mesq","drip",1.4,0.03869567,0.226,6.05,32.42715613,5.024425932,8.604355055,60.35060329,5.848894458,2.485930736,8.346979124,88.3,179.9888889,26.8655,12.42037037,0.883710018,8.382518089,8.829947857,14.90126994,15.26594113,0.812100958000002,9.855,9.855
"10","A2mesq1-1MIDD",74,"A2","A","mesq","midd",2.1,0.060334864,0.271,5.98,72.93227497,7.781058336,25.86853631,223.3789563,9.898321643,26.53396192,29.20418892,69.8,268.9888889,31.6605,33.95740741,1.005827117,18.70649166,18.62939133,19.78771968,23.09522879,3.23040878,17.2,17.2
"11","B1bare",14,"B1","B","bare","bare",0,0.009641692,0.103,6.53,23.13586257,0.014585596,15.11583726,84.89542199,0.242579627,0.618099206,26.72801336,9.495,86.01111111,0.14,6.434259259,0.383156015,1.901440544,1.048832393,3.001580416,2.710820669,-1.143367898,7.7,7.7
"12","B1grass1-2",15,"B1","B","grass","grass",0.3,0.015394458,0.114,6.6,20.0744144,2.147096267,2.393021489,45.68847217,3.666788025,0.785048882,42.05641489,33.925,98.05555556,5.765,8.077777778,0.432030924,6.79784869,5.906031045,1.519903171,1.238987215,-1.172733601,7.649,7.649
"13","B1grass2-2",16,"B1","B","grass","grass",1.2,0.007112204,0.08,6.84,9.8299607,1.11983652,1.531479376,24.32694821,2.348799247,0.833476273,32.19688599,17.625,122.6111111,0.75,6.244444444,0.296351176,1.821338376,1.025019479,0.111269862,0.032209697,-0.875379062,20.092,20.092
"14","B1mesq1-2BOLE",17,"B1","B","mesq","bole",3,0.00827671,0.154,6.75,18.90017322,1.581244494,1.555181396,32.94166735,2.095990682,0.291121135,46.73694288,27.925,179.2777778,4.895,14.65185185,0.570877817,3.015856514,2.346739218,4.251706635,3.90277347,-1.018050461,9.911,9.911
"15","B1mesq1-2DRIP",19,"B1","B","mesq","drip",0.1,0.007779278,0.084,7.7,6.314973575,1.006599685,1.114708713,8.830163198,1.362918215,0.838920377,46.10118554,33.025,34.94444444,1.71,7.249074074,0.32525362,1.839329694,0.963786699,4.553963424,4.076295446,-1.353210973,6.77,6.77
"16","B1mesq1-2MIDD",18,"B1","B","mesq","midd",0.4,0.011688154,0.089,6.83,10.72171531,0.584066014,0.446053462,21.07265674,0.991830373,0.107295379,29.68166244,22.825,90.16666667,2.49,7.966666667,0.344227422,1.748142033,1.117868954,2.078532562,2.381774564,-0.327031077,5.456,5.456
"17","B1mesq2-2BOLE",20,"B1","B","mesq","bole",0.6,0.007819506,0.114,6.38,39.6661279,3.984871637,9.480059861,67.71656596,2.760943351,3.447841879,25.55318823,42.875,75.16666667,8.74,9.401851852,0.416012845,2.253079809,1.633965467,6.394609679,6.045866072,-0.967857949000001,9.093,9.093
"18","B1mesq2-2DRIP",22,"B1","B","mesq","drip",0.05,0.0068994,0.073,6.16,28.96169845,2.630001486,4.420412199,54.80510158,1.364054516,2.431066962,2.35468099,36.675,30.38888889,1.6,5.17037037,0.279383061,2.283672018,1.446233787,1.610077069,1.279279417,-1.168235883,7.649,7.649
"19","B1mesq2-2MIDD",21,"B1","B","mesq","midd",0.25,0.005419155,0.09,6.35,45.31411724,4.089019719,16.30027399,48.46856182,3.21678727,4.900680469,34.36726449,30.025,167.5,4.415,33.79074074,0.347826087,2.815875063,2.223276356,4.868477842,4.801265963,-0.659810586,11.363,11.363
"20","B2bare",31,"B2","B","bare","bare",0,0.01335495,0.136,6.77,0.429389107,0.010505666,1.252956551,8.92065344,1e-08,0.798574513,9.991527097,19.7665,7.422222222,3.7535,0.287962963,0.525218197,2.709274261,2.161034849,3.616582688,3.796526851,-0.368295249000001,3.573,3.573
"21","B2grass1-2",32,"B2","B","grass","grass",1,0.013180823,0.12,7.13,12.95799994,1.369657935,1.085064074,15.29761293,3.254377924,0.487302671,57.2684396,80.1665,76.21111111,16.3335,4.815740741,0.472701489,5.148227653,5.074681543,7.579694955,7.134351011,-0.518890054,11.869,11.869
"22","B2grass2-2",33,"B2","B","grass","grass",0.4,0.009641985,0.091,6.33,29.17330029,3.390722061,14.16195832,46.00402322,3.504703397,3.060176186,27.38557887,18.0265,59.52222222,2.1885,2.758333333,0.342182447,3.418724954,1.45509999,0.33481437,0.431734319,-1.866705015,8.121,8.121
"23","B2mesq1-1BOLE",34,"B2","B","mesq","bole",5,0.010988789,0.193,6.56,56.2654905,6.882025873,19.74893679,116.7645767,5.999144471,7.924115396,31.38375483,76.7165,117.5444444,29.7835,21.68611111,0.730894494,10.83360488,9.901213886,19.03254337,19.65911705,-0.305817313999999,12.099,12.099
"24","B2mesq1-1DRIP",36,"B2","B","mesq","drip",0,0.012395313,0.121,6.72,13.29026779,0.839482127,0.461143336,13.99535372,1.35539866,0.564326643,19.00398426,18.9065,14.37777778,5.1635,2.649074074,0.473044294,2.880886792,2.275041013,5.427565162,5.348008018,-0.685402922999999,5.325,5.325
"25","B2mesq1-1MIDD",35,"B2","B","mesq","midd",0,0.011677444,0.152,6.47,55.877188,5.161838742,17.0948621,70.17195556,5.331341914,6.834270045,25.08940769,32.6265,59.3,10.8835,1.250925926,0.558946827,3.086221143,2.630491001,10.02747295,10.79479614,0.311593048000002,8.35,8.35
"26","C1bare",76,"C1","C","bare","bare",0,0.008120766,0.049,7.35,1.007396762,1e-08,0.305495217,3.409216109,1e-08,0.663026316,10.7470815,8.89,12.85555556,2.3995,0.499074074,0.18165641,2.518725342,2.486999886,1.624144158,1.310455666,-0.345413948,3.38,3.38
"27","C1grass",77,"C1","C","grass","grass",2.8,0.063266912,0.248,7.07,30.42693163,3.674897996,3.77493231,53.93499537,8.494733115,3.58006027,144.2412078,79.345,233.8888889,13.1745,27.86111111,0.939749905,2.436873513,2.403068874,5.90398216,5.744668355,-0.193118444,18.527,18.527
"28","C1mesq1-2BOLE",78,"C1","C","mesq","bole",1.3,0.080382796,0.32,5.8,86.70849698,8.211143146,24.52870331,361.3874265,15.50459807,7.654862685,36.66303867,72.795,207,20.7295,30.85185185,1.211845793,4.828985844,4.77656199,12.68779487,13.05898182,0.318763096000001,13.94,13.94
"29","C1mesq1-2DRIP",80,"C1","C","mesq","drip",0.8,0.079342647,0.268,6.56,91.54657367,8.991248519,26.92958923,209.9962884,8.141258042,6.99022927,82.51053613,48.145,247.2222222,13.5895,35.15740741,1.037593403,2.740890579,3.388710241,9.126051108,9.281861737,0.803630290999999,8.781,8.781
"30","C1mesq1-2MIDD",79,"C1","C","mesq","midd",1.2,0.074246696,0.305,6.33,52.60036014,6.496742719,32.30296385,175.2604606,5.480233374,4.611281836,64.26092316,75.745,212.5555556,20.9695,26.25,1.121570935,3.618246158,4.057137037,13.63276448,12.39585778,-0.798015821,18.508,18.508
"31","C1mesq2-2BOLE",81,"C1","C","mesq","bole",2,0.097817016,0.622,6.75,51.53435008,3.370009293,10.49615197,221.6605268,5.989914689,2.55259881,138.5864554,236.245,280.6666667,52.0945,44.23148148,2.307207241,2.970381657,3.93354241,25.01870846,24.44173064,0.386182933000001,21.282,21.282
"32","C1mesq2-2DRIP",83,"C1","C","mesq","drip",1.8,0.07267473,0.344,6.82,30.88088828,1.496910315,3.108531556,99.23913315,3.678220925,0.552425309,107.6269938,95.895,343.6666667,23.0345,33.31481481,1.337792642,2.952555369,3.81842045,8.63008259,8.55748131,0.793263800999998,27.506,27.506
"33","C1mesq2-2MIDD",82,"C1","C","mesq","midd",1.3,0.092745327,0.438,7.08,38.43499986,5.135726922,5.401442209,80.55574213,7.554988103,1.812199053,247.0038571,180.695,325.2222222,36.5595,50.96296296,1.692688205,2.271062459,3.192543015,15.28104454,15.24949425,0.889930266,33.735,33.735
"34","C2bare",65,"C2","C","bare","bare",0,0.052408559,0.11,8.63,10.93816979,1.868897386,0.544433846,16.8685539,3.746527613,1.234466519,31.83231398,52.905,59.86666667,5.377,8.563888889,0.680777324,1.222556348,1.790275508,4.079651071,3.885235022,0.373303110999999,6.497,6.497
"35","C2cow",67,"C2","C","cow","cow",0,0.388366872,0.677,7.89,53.93341303,5.965307625,7.168196873,111.7163363,10.80846416,4.785591374,259.0733962,100.705,308.7555556,65.757,43.49907407,2.540719057,3.849174837,3.502709048,73.94163143,74.65411526,0.36601804099999,11.824,11.824
"36","C2grass",66,"C2","C","grass","grass",0.4,0.046460616,0.118,8.17,21.0428191,2.199322143,1.899801974,30.73466121,4.847711007,0.761625331,96.88626427,62.705,177.9777778,14.517,32.04537037,0.437020851,1.023973995,1.414814774,6.479930275,6.458473552,0.369384056,15.98,15.98
"37","C2mesq1-1BOLE",68,"C2","C","mesq","bole",1.005,0.037853547,0.314,7.07,10.04879855,0.75388495,3.336723526,21.4236763,1.331128124,0.282882852,97.00726319,1001.455,504.4222222,138.307,47.66574074,1.950068314,12.84687927,13.62855135,21.61875173,17.71298032,-3.12409933,15.006,15.006
"38","C2mesq1-1DRIP",70,"C2","C","mesq","drip",1.25,0.042758836,0.137,8.35,25.3398291,2.420178375,1.835667723,59.62835052,6.0749859,1.060013776,81.07450655,331.555,247.3111111,49.357,47.94351852,0.841368298,2.475920343,2.132680806,9.175360866,9.178413214,-0.340187189,13.833,13.833
"39","C2mesq1-1MIDD",69,"C2","C","mesq","midd",1.25,0.026814932,0.11,7.65,11.40835514,1.2277764,2.612665702,20.30046763,1.651613983,2.32021777,72.76994219,178.405,188.7555556,36.412,35.43425926,0.676589986,2.10937852,1.61164415,20.0526848,23.05363407,2.5032149,13.973,13.973
"40","D1bare",23,"D1","D","bare","bare",0,0.01245465,0.076,6.25,6.24875588,0.381430144,4.898751729,40.62193851,0.312199162,0.987201237,18.91666458,NA,49.72222222,NA,10.8287037,0.470442587,1.699814732,0.969143962,1.149239374,1.281843917,-0.598066227,5.221,5.221
"41","D1grass",24,"D1","D","grass","grass",0.8,0.00481378,0.074,6.88,9.132702455,0.373153323,0.959971764,16.94184443,1.414118209,0.65890839,25.07614126,26.965,12.34444444,NA,4.008333333,0.4546851,1.634996483,0.762540377,0.18104908,1e-06,-1.053504186,6.213,6.213
"42","D1mesq1-2BOLE",25,"D1","D","mesq","bole",0,0.003248967,0.077,6.21,8.370038142,0.681642588,2.843416399,29.57421952,0.644046521,0.719238654,3.311192018,7.14,31.92222222,2.095,9.471296296,0.471900472,1.63194396,1.213672609,2.477490379,2.387134848,-0.508626882,10.19,10.19
"43","D1mesq1-2DRIP",27,"D1","D","mesq","drip",0.1,0.008176969,0.069,6.45,6.301584827,0.58598851,4.762335126,21.87517004,0.54071646,0.812348761,15.93163203,3.305,13.45555556,NA,3.286111111,0.426531495,1.641557149,0.931135358,0.375278588,0.348891812,-0.736808567,4.513,4.513
"44","D1mesq1-2MIDD",26,"D1","D","mesq","midd",0.15,0.005782788,0.138,6.21,12.32615027,0.132954033,3.85398116,23.17592594,0.479829443,1.93039934,18.46863047,8.64,12.65555556,NA,2.221296296,0.848760686,1.818457386,1.060537553,0.56716337,0.441451901,-0.883631302,4.829,4.829
"45","D1mesq2-2BOLE",28,"D1","D","mesq","bole",0.5,0.004722052,0.073,6.43,28.61361017,7.88520006,21.10272905,55.34261626,8.087922897,8.706227551,29.63246469,4.94,69.84444444,NA,7.480555556,0.453472481,1.404019776,0.877855809,1.559187546,1.398597068,-0.686754445,9.919,9.919
"46","D1mesq2-2DRIP",30,"D1","D","mesq","drip",0.6,0.006035185,0.09,6.33,21.02938016,0.331092411,10.50403066,41.119097,0.472056914,1.40007322,19.11444514,15.59,63.28888889,NA,6.090740741,0.552418365,1.525927256,0.846208533,0.21640574,0.336306217,-0.559818246,6.795,6.795
"47","D1mesq2-2MIDD",29,"D1","D","mesq","midd",0.65,0.006197432,0.121,6.17,15.01011168,1.908377927,5.723442163,43.84061904,1.506792218,1.858179714,2.303028356,9.415,48.44444444,NA,0.965740741,0.78226015,1.835870543,1.003260589,0.251547176,0.277871881,-0.806285249,6.704,6.704
"48","D2bare",43,"D2","D","bare","bare",0,0.039998752,0.084,9.13,2.6970141,0.3313458,0.247726704,9.223285483,0.666707044,0.274272449,31.23438373,48.27,47.72222222,0.526,15.0787037,0.521836367,1.420171183,1.03506428,3.633022786,2.723245723,-1.294883966,9.85,9.85
"49","D2cres",45,"D2","D","cres","cres",1.35,0.022182015,0.1,8.96,8.744921891,1.107644239,0.219718757,18.7891487,2.504922322,0.883511886,44.75579039,155.97,439.9444444,15.936,340.4768519,0.621735887,1.450099999,1.056020599,5.323455635,4.885298872,-0.832236163,12.608,12.608
"50","D2grass",44,"D2","D","grass","grass",0.2,0.039640707,0.094,8.92,12.33353078,1.879943964,0.34256502,20.36262717,3.95886127,1.222933609,45.77574142,46.87,121.9444444,8.716,12.1287037,0.579245748,1.788796557,1.317985303,3.595035514,2.588303911,-1.477542857,9.919,9.919
"51","D2mesq1-1BOLE",46,"D2","D","mesq","bole",1.85,0.014064084,0.178,8.53,10.69923987,2.161917384,0.732927103,23.41956838,2.326493289,1.021250621,55.53751776,336.22,94.16666667,38.301,23.78240741,1.100735885,3.086603176,2.796279115,6.430272691,5.701036073,-1.019560679,42.114,42.114
"52","D2mesq1-1DRIP",48,"D2","D","mesq","drip",0.6,0.032396271,0.085,8.85,7.722390976,7.752842092,0.865669856,16.30612535,1.786598584,0.76257108,46.41100416,60.67,88.94444444,7.441,16.56944444,0.516748739,1.748407193,1.051598807,6.243627622,5.148730604,-1.791705404,8.868,8.868
"53","D2mesq1-1MIDD",47,"D2","D","mesq","midd",0.8,0.022531871,0.109,8.71,21.45799153,16.72970667,0.948050793,29.99341153,6.169033736,2.246169851,56.22955397,116.37,150.7222222,15.856,13.16203704,0.666299896,1.703231438,1.393170361,8.247872236,7.141595808,-1.416337505,15.931,15.931
"54","E1bare",49,"E1","E","bare","bare",0,0.057996318,0.285,9.08,3.688126486,0.237660054,0.093053778,14.33498675,0.756725176,0.177853755,49.18873607,63.2365,127.8222222,3.9685,20.025,0.760628786,1.992977209,1.450899097,2.987430462,2.344604988,-1.184903586,9.467,9.467
"55","E1cres",51,"E1","E","cres","cres",2,0.022843055,0.095,8.88,9.290991397,1.133219424,0.198773887,18.25875491,2.257883941,0.868078307,40.47491276,80.2865,161.2666667,12.3835,18.40462963,0.23647135,1.636482649,1.35999287,8.322462155,7.693057311,-0.905894623,7.224,7.224
"56","E1grass",50,"E1","E","grass","grass",4.5,0.031512388,0.107,9.02,7.903870225,1.157850991,0.36089044,16.89306042,2.572318415,0.952579686,30.47857169,44.5365,100.9333333,3.7935,10.31203704,0.263891287,1.661559359,1.067537711,0.849712738,0.286250745,-1.157483641,11.156,11.156
"57","E1mesq1-1BOLE",52,"E1","E","mesq","bole",0.8,0.028479157,0.183,8.84,11.49359364,11.9744243,0.627184291,25.8812468,3.430817886,1.455231043,55.86303557,202.6365,211.0444444,28.3335,19.06203704,0.509990803,2.91872185,2.064013855,5.386660468,4.849195461,-1.392173002,11.667,11.667
"58","E1mesq1-1DRIP",54,"E1","E","mesq","drip",2,0.037409639,0.142,8.87,14.47429444,2.694555979,0.578939575,22.28356509,5.010662198,1.894734138,51.58948533,95.4365,234.9333333,12.5985,27.87685185,0.882261572,1.886996268,1.460209668,5.818659718,5.396973743,-0.848472575,11.563,11.563
"59","E1mesq1-1MIDD",53,"E1","E","mesq","midd",1.55,0.02128594,0.169,8.61,19.92767714,4.273033033,0.905040821,29.42983722,7.277754818,2.882313473,72.32722359,236.8865,93.48888889,40.3285,23.77685185,0.421993608,2.995228723,2.979818285,12.76576255,13.27237063,0.491197641999998,27.681,27.681
"60","E2bare",37,"E2","E","bare","bare",0,0.048729836,0.109,9.09,2.817582354,0.265706858,0.188992652,10.44342568,0.618140945,0.180418711,4.333629906,14.54,71.95555556,NA,7.675,0.287008268,1.885501523,1.340383368,3.718514143,3.119249467,-1.144382831,5.147,5.147
"61","E2cres",39,"E2","E","cres","cres",0.45,0.041324294,0.098,9.06,4.297260482,0.475645484,0.254432521,12.83736944,0.797800283,0.317574862,37.61795271,39.165,108.6777778,0.2395,12.83240741,0.278250994,1.63739628,1.389349383,3.772620421,2.751757867,-1.268909451,10.945,10.945
"62","E2grass",38,"E2","E","grass","grass",0.2,0.063812807,0.158,8.66,13.59056964,2.806653832,0.481748695,23.81775971,5.532769592,1.860680161,67.31417261,59.615,156.6777778,12.4295,23.7212963,0.970814132,9.753428815,8.237176537,12.2035992,12.3612317,-1.358619778,16.704,16.704
"63","E2mesq1-1BOLE",40,"E1","E","mesq","bole",1.65,0.018316847,0.225,8.42,38.83739963,7.522477154,2.836250251,29.52317955,13.69525231,5.976636377,71.87364482,245.6365,218.8222222,40.3485,29.13611111,0.872803445,3.236117501,3.002971848,10.70662614,10.63539634,-0.304375453,18.854,18.854
"64","E2mesq1-1DRIP",42,"E2","E","mesq","drip",0,0.032768607,0.106,9.01,8.164215979,1.281285198,0.486588703,20.10914865,2.124093049,0.801889907,56.65156322,48.3865,138.8222222,3.0935,18.88611111,0.405943627,1.612861037,1.171311933,2.359718207,1.759227256,-1.042040055,12.53,12.53
"65","E2mesq1-1MIDD",41,"E2","E","mesq","midd",0.35,0.02216998,0.15,8.84,14.93842927,14.79034475,0.720124163,23.8335776,4.985659508,2.115097924,58.06901816,197.2865,275.4888889,21.5985,62.74722222,0.579710145,2.33359038,1.830129475,4.42919585,4.002967716,-0.929689039,21.838,21.838
"66","E3bare",84,"E3","E","bare","bare",0,0.023874767,0.101,8.91,3.753297282,0.398350841,0.230603519,13.49007903,0.940430857,0.300842546,53.87895224,59.235,99.43333333,5.5855,2.725,0.266006479,1.056704885,1.184577417,2.311594254,2.027871445,-0.155850277,5.732,5.732
"67","E3cres",86,"E3","E","cres","cres",0,0.015386489,0.104,8.82,12.08266873,11.30641198,0.620628405,23.70347931,3.538817538,1.41070947,76.49250604,50.585,147.4333333,2.4055,6.975,0.256555739,1.413538564,1.43162518,1.851070918,1.522845883,-0.310138419,14.045,14.045
"68","E3grass",85,"E3","E","grass","grass",0,0.012392263,0.091,8.87,10.66839787,1.969812081,0.484648358,17.68111125,3.903144614,1.364058736,42.30312709,59.835,84.43333333,3.4205,5.891666667,0.253601984,1.109095824,1.210300818,1.208085608,0.951735735,-0.155144879,7.891,7.891
"69","E3mesq1-1BOLE",87,"E3","E","mesq","bole",0.4,0.006454597,NA,8.45,16.48011041,2.79093116,0.83874902,28.09884429,5.53908359,2.244907283,75.93012515,212.985,251.7666667,29.1055,25.26203704,NA,2.117266723,2.077344268,8.139751248,7.522394126,-0.657279577000001,22.804,22.804
"70","E3mesq1-1DRIP",89,"E3","E","mesq","drip",0.5,0.04326352,NA,8.82,6.434359079,6.053728865,0.442186964,17.27681267,1.916568093,0.769373922,71.8700285,84.935,182.5444444,7.4155,19.55833333,NA,1.269474314,1.436437784,5.050146873,4.513458791,-0.369724612000001,11.282,11.282
"71","E3mesq1-1MIDD",88,"E3","E","mesq","midd",0.7,0.010399468,0.371,8.65,12.57859749,2.517182785,0.587111278,25.00179913,5.132771171,1.672302204,62.21669244,135.085,124.1,16.4405,8.336111111,1.053468495,1.654191257,1.638977123,5.967402754,5.711656922,-0.270959965999999,15.663,15.663
"72","F1bare",9,"F1","F","bare","bare",0,0.003540338,0.114,6.33,34.15938875,6.000132274,8.620178291,74.2613231,6.898433765,4.315816977,33.02775755,56.31,101.8,16.895,24.35740741,0.422629198,2.266311255,2.654547384,20.59998849,19.35364034,-0.858112021000004,10.932,10.932
"73","F1grass",10,"F1","F","grass","grass",0,0.004395693,0.113,6.59,8.949294359,0.632113468,3.953107958,66.44217464,1.146426774,1.080300777,32.84965471,80.86,9.688888889,8.83,-7.772222222,0.414709336,3.158500916,2.904447582,0.92814336,1e-06,-1.182195694,8.265,8.265
"74","F1mesq1-1BOLE",11,"F1","F","mesq","bole",0.25,0.010955833,0.237,6.66,20.77035054,2.386014907,8.671558248,60.15670048,2.245231986,2.021635583,50.43271046,164.11,84.8,36.53,-0.762962963,0.900524356,10.42527689,8.902916635,7.995121134,7.480350642,-2.037130747,15.259,15.259
"75","F1mesq1-1DRIP",13,"F1","F","mesq","drip",0.7,0.0076882,0.201,6.93,21.92351758,2.069960842,4.033712957,29.2470099,3.715946317,1.162382741,101.6926966,159.21,202.1333333,22.56,27.89444444,0.754901224,7.133179415,6.952575143,1.916325341,0.723749785,-1.373179828,15.978,15.978
"76","F1mesq1-1MIDD",12,"F1","F","mesq","midd",2,0.008324096,0.229,6.63,14.52576633,1.002648736,6.347419179,64.25758274,2.181891738,1.452288154,37.08659966,125.86,111.4666667,32.91,16.61666667,0.875717017,19.01922279,19.13540383,4.568642688,4.114124321,-0.338337327000001,7.501,7.501
"77","F2bare",1,"F2","F","bare","bare",0,0.039670744,0.076,6.39,10.44806073,1.393537898,5.190595859,51.70839906,0.686393501,0.778629726,13.65319049,23.165,0.477777778,8.935,-6.716666667,0.293958382,4.236015993,3.868226767,7.050405287,5.678648262,-1.739546251,3.139,3.139
"78","F2grass",2,"F2","F","grass","grass",0.75,0.016864092,0.113,5.76,26.58194841,3.38086518,10.35073792,108.358606,3.428604035,1.566788714,3.354926799,33.165,15.34444444,6.11,-3.364814815,0.423999099,2.7957628,2.521203841,3.987027436,2.27195397,-1.989632425,3.982,3.982
"79","F2mesq1-2BOLE",3,"F2","F","mesq","bole",0.4,0.011993199,0.109,6.14,21.24685842,2.164164323,8.518922492,75.89777867,2.38519939,4.098221157,2.996322225,100.56,59.13333333,31.365,8.977777778,0.422873991,6.704092105,6.52256336,19.08093682,18.61145516,-0.651010405000005,9.558,9.558
"80","F2mesq1-2DRIP",5,"F2","F","mesq","drip",0.05,0.014432801,0.072,6.18,6.640142702,1.797200735,3.692264983,34.27649632,1.253247108,1.358528455,2.742311794,42.96,68.02222222,8.9,1.218518519,0.272180849,3.379786309,3.331146292,4.589987019,2.844374195,-1.794252841,6.054,6.054
"81","F2mesq1-2MIDD",4,"F2","F","mesq","midd",0.01,0.01131355,0.095,6,23.85203961,0.775667321,11.75555414,122.1127216,1.147866874,0.031268214,22.55898254,66.01,-7.977777778,22.015,-15.69814815,0.354742345,4.605184525,4.980411526,13.46060682,12.2232129,-0.862166919,5.342,5.342
"82","F2mesq2-2BOLE",6,"F2","F","mesq","bole",3,0.019107763,0.13,6.11,25.76657279,4.652669938,10.8887657,56.91004211,2.617149067,3.153786388,2.979522653,325.66,42.02222222,200.55,-15.53148148,0.490399487,27.46300563,26.08774212,76.00418258,75.48633314,-1.89311295,5.64,5.64
"83","F2mesq2-2DRIP",8,"F2","F","mesq","drip",0.25,0.006717357,0.088,6.12,16.55892341,3.808281581,5.027386834,47.75602671,2.369337675,1.330100409,4.638128295,75.01,90.91111111,14.01,9.32037037,0.342212716,5.596400676,5.16813281,5.531611571,3.637985811,-2.321893626,6.364,6.364
"84","F2mesq2-2MIDD",7,"F2","F","mesq","midd",0.25,0.02954445,0.104,5.89,26.71921268,3.702093855,12.68040262,127.6027547,8.871423141,2.015260088,23.38112244,53.66,101.4666667,16.205,9.922222222,0.385942777,6.843280408,9.821037124,6.355337949,5.961511425,2.583930192,6.57,6.57
"85","G1bare",60,"G1","G","bare","bare",0,0.060784501,0.146,5.98,3.87045099,1e-08,5.200834441,61.04526358,1e-08,1e-08,23.04879512,50.895,46.47777778,9.659,10.77314815,0.564775057,5.314619359,5.579910618,11.60373889,11.90286566,0.564418028999999,3.895,3.895
"86","G1grass",61,"G1","G","grass","grass",0.1,0.041805812,0.112,6.55,38.18168302,5.014375512,17.46713121,126.2318752,10.41991255,2.25154547,31.03805729,43.245,41.92222222,2.579,9.578703704,0.441292356,2.19778641,2.345548812,1.664769582,1.399504099,-0.117503081,5.511,5.511
"87","G1mesq1-1BOLE",62,"G1","G","mesq","bole",1.005,0.024027812,0.231,5.35,51.54041348,5.23234566,18.64821766,154.6198933,10.56761522,8.236672207,4.019448031,190.895,-13.18888889,40.959,23.99537037,0.843127236,15.50555996,16.42276285,24.09860586,25.50150475,2.32010178,5.309,5.309
"88","G1mesq1-1DRIP",64,"G1","G","mesq","drip",3,0.037927173,0.097,6.5,70.54717051,9.406813537,27.24463797,178.1379114,7.292585005,4.912120287,46.90564497,37.445,71.81111111,5.504,16.13425926,0.364387678,0.971195248,1.443938818,6.854193249,6.541535187,0.160085508000001,8.972,8.972
"89","G1mesq1-1MIDD",63,"G1","G","mesq","midd",0.85,0.048874894,0.112,6,23.16246721,3.728188398,6.089767429,63.80762558,2.991549067,0.348313821,5.829819909,104.345,362.1444444,9.689,23.26388889,0.418441306,1.018106876,1.40134313,10.42672001,12.27136007,2.227876314,9.025,9.025
"90","G2bare",55,"G2","G","bare","bare",0.125,0.015724353,0.09,6.5,5.993494899,0.090274846,3.721175978,59.67552654,0.63130316,0.29466332,18.14566159,28.945,27.92222222,5.139,5.939814815,0.559040934,7.201338578,7.745544876,1.804477254,1.109309787,-0.150961168999999,4.415,4.415
"91","G2grass",56,"G2","G","grass","grass",0,0.020304207,0.078,6.31,45.27865256,5.349262755,5.242855321,86.75813705,4.883730229,3.034901054,22.94273746,16.585,81.16666667,NA,17.53240741,0.480354723,1.245412213,1.406336264,1.528695559,1.222361624,-0.145409884,8.643,8.643
"92","G2mesq1-1BOLE",57,"G2","G","mesq","bole",0.375,0.009745211,0.105,5.66,30.68675637,4.242093266,21.11630686,148.9573639,2.378374152,2.831711234,4.736586905,93.895,7.922222222,12.699,18.39351852,0.644329897,9.032951705,8.752399502,5.199070208,4.367806441,-1.11181597,7.479,7.479
"93","G2mesq1-1DRIP",59,"G2","G","mesq","drip",0.025,0.017317691,0.08,6.01,11.01438783,0.465375173,8.910511709,75.34558579,0.050526361,1e-08,2.960507927,27.825,54.63333333,1.839,16.375,0.486470052,1.659388205,1.618949332,4.593751588,3.96840863,-0.665781831,5.108,5.108
"94","G2mesq1-1MIDD",58,"G2","G","mesq","midd",0,0.017516279,0.091,6.47,25.91485151,7.58836264,18.76278219,83.15344632,7.885906356,9.131181907,26.34286102,31.395,58.36666667,2.834,7.893518519,0.556574924,3.166126555,3.276313339,2.10472584,1.989114139,-0.00542491700000003,4.387,4.387
